{
  "mmlu": {
    "accuracy": 0.622,
    "correct": 311,
    "total": 500,
    "per_subject": {
      "college_physics": 0.4,
      "anatomy": 0.8333333333333334,
      "high_school_statistics": 0.7142857142857143,
      "miscellaneous": 0.75,
      "prehistory": 0.6923076923076923,
      "security_studies": 0.7,
      "conceptual_physics": 0.8,
      "marketing": 1.0,
      "professional_law": 0.34210526315789475,
      "jurisprudence": 0.75,
      "moral_scenarios": 0.16129032258064516,
      "public_relations": 0.8,
      "management": 1.0,
      "professional_psychology": 0.6153846153846154,
      "high_school_psychology": 0.8888888888888888,
      "high_school_us_history": 1.0,
      "us_foreign_policy": 1.0,
      "business_ethics": 1.0,
      "high_school_european_history": 0.625,
      "high_school_chemistry": 0.5714285714285714,
      "high_school_macroeconomics": 0.9230769230769231,
      "moral_disputes": 0.7368421052631579,
      "high_school_computer_science": 0.8,
      "professional_medicine": 0.3333333333333333,
      "elementary_mathematics": 0.3076923076923077,
      "high_school_mathematics": 0.375,
      "virology": 0.5,
      "college_biology": 0.8333333333333334,
      "sociology": 0.375,
      "high_school_government_and_politics": 0.8571428571428571,
      "human_aging": 0.8333333333333334,
      "nutrition": 0.5,
      "college_medicine": 0.5555555555555556,
      "philosophy": 0.5263157894736842,
      "machine_learning": 0.4,
      "world_religions": 0.9,
      "electrical_engineering": 0.625,
      "medical_genetics": 0.6666666666666666,
      "high_school_world_history": 0.8888888888888888,
      "high_school_physics": 0.6666666666666666,
      "high_school_geography": 0.6666666666666666,
      "astronomy": 0.5,
      "college_computer_science": 0.5,
      "global_facts": 1.0,
      "human_sexuality": 1.0,
      "high_school_biology": 0.8888888888888888,
      "logical_fallacies": 0.8333333333333334,
      "high_school_microeconomics": 0.7272727272727273,
      "college_chemistry": 1.0,
      "professional_accounting": 0.3,
      "international_law": 0.4,
      "clinical_knowledge": 0.7777777777777778,
      "formal_logic": 0.25,
      "abstract_algebra": 0.3333333333333333,
      "econometrics": 1.0,
      "college_mathematics": 0.0,
      "computer_security": 1.0
    }
  },
  "gsm8k": {
    "accuracy": 0.836,
    "correct": 418,
    "total": 500
  },
  "summary": {
    "mmlu_accuracy": 0.622,
    "gsm8k_accuracy": 0.836
  }
}