{"train/completions/mean_length":104.24261703491212,"train/rewards/reward_fn/std":0.05925748646259308,"train/p_structural":0,"train_steps_per_second":0.049,"train/clip_ratio/region_mean":0,"train/completions/min_terminated_length":52.7,"train/abstention_rate":0.42613636363636365,"train/sibling_hit_rate":0,"profiling/Time taken: GRPOTrainer.transformers.generate":11.683452334000322,"train/num_tokens":4.871649e+07,"train/completions/max_terminated_length":211.2,"train/clip_ratio/high_mean":0,"train/completions/clipped_ratio":0,"train/epoch":1.5337423312883436,"train/completions/max_length":211.2,"_runtime":20264,"_timestamp":1.7785078054589188e+09,"train/completions/mean_terminated_length":104.24261703491212,"total_flos":0,"train/rewards/reward_fn/mean":0.48977273404598237,"train/clip_ratio/high_max":0,"train/step_time":19.946167426099784,"train/kl":0.031093084439635276,"train/frac_reward_zero_std":0.9590909242630005,"train/clip_ratio/low_min":0,"train/loss":0.0036935944110155104,"train/global_step":1000,"train/completions/min_length":52.7,"train_loss":0.005466332933981903,"train_runtime":20238.4044,"profiling/Time taken: GRPOTrainer._calculate_rewards":0.012174678999144817,"profiling/Time taken: GRPOTrainer.reward_fn":0.011652987002889859,"train/learning_rate":2.733959946432663e-11,"train_samples_per_second":8.696,"_step":8100,"train/avg_reward":0.4971590909090909,"profiling/Time taken: GRPOTrainer.compute_loss":1.7765998260001652,"train/reward_std":0.05925748720765114,"_wandb":{"runtime":20264},"train/reward":0.48977273404598237,"profiling/Time taken: GRPOTrainer._get_per_token_logps_and_entropies":1.7393626539997058,"train/clip_ratio/low_mean":0,"train/format_failure_rate":0,"train/grad_norm":0.01711679808795452,"train/r_fairness":0.9943181818181818,"train/stereotype_rate_ambig":0.011904761904761904,"train/entropy":0.5991308629512787,"profiling/Time taken: GRPOTrainer._prepare_inputs":12.843227023997315,"train/r_consistency":0,"train/accuracy":0.9943181818181818}